{
    "1": {
        "001_1": {
            "buffer": 0.07314542354419974, 
            "division": 0.01180286173039474
        }, 
        "001_3": {
            "buffer": 0.5819435096475681, 
            "division": 0.17619035453998835
        }, 
        "001_7": {
            "buffer": 0.15236143432622615, 
            "division": 0.08678530909620377
        }, 
        "001_6": {
            "buffer": 0.19273429779785795, 
            "division": 0.20892403761368586
        }
    }, 
    "2": {
        "014_11": {
            "buffer": 0.24762840919707127, 
            "division": 0.10353510712737417
        }, 
        "014_10": {
            "buffer": 0.40480989351187546, 
            "division": 0.030168547967998137
        }, 
        "014_9": {
            "buffer": 0.3475616972910539, 
            "division": 0.1285128159147805
        }
    }, 
    "3": {
        "014_9": {
            "buffer": 0.00017400315800968899, 
            "division": 7.540295427092336e-05
        }, 
        "014_6": {
            "buffer": 0.45447629790803706, 
            "division": 0.4114131364461992
        }, 
        "014_5": {
            "buffer": 0.15393088390759999, 
            "division": 0.14942460401914867
        }, 
        "014_4": {
            "buffer": 0.39141881502635417, 
            "division": 0.21869223374400037
        }
    }, 
    "4": {
        "013_18": {
            "buffer": 0.1952608788844335, 
            "division": 0.08237663968668661
        }, 
        "013_19": {
            "buffer": 0.6493864524541233, 
            "division": 0.5729497907610676
        }, 
        "013_17": {
            "buffer": 0.1553526686604504, 
            "division": 0.1594128065314935
        }
    }, 
    "5": {
        "013_23": {
            "buffer": 0.1304708547658057, 
            "division": 0.13350538940049594
        }, 
        "013_29": {
            "buffer": 0.15642149633106614, 
            "division": 0.08401429611683275
        }, 
        "013_28": {
            "buffer": 0.26172171842599523, 
            "division": 0.34674695268213546
        }, 
        "013_27": {
            "buffer": 0.1332969328583621, 
            "division": 0.22985294008366292
        }, 
        "013_26": {
            "buffer": 0.31808899761877135, 
            "division": 0.25973727161653953
        }
    }, 
    "6": {
        "014_3": {
            "buffer": 0.05512129642548719, 
            "division": 0.050503002685137494
        }, 
        "014_2": {
            "buffer": 0.24995546701664872, 
            "division": 0.2622248334078348
        }, 
        "013_12": {
            "buffer": 0.11263288262473967, 
            "division": 0.026292063097430565
        }, 
        "014_10": {
            "buffer": 0.5822903539331236, 
            "division": 0.03580554870476539
        }
    }, 
    "7": {
        "013_12": {
            "buffer": 0.010849787610292672, 
            "division": 0.0033874380659862507
        }, 
        "013_13": {
            "buffer": 0.5477166788781083, 
            "division": 0.3930305883115313
        }, 
        "013_10": {
            "buffer": 0.3950261620088677, 
            "division": 0.2271917965283113
        }, 
        "013_14": {
            "buffer": 0.04640737150273193, 
            "division": 0.06234692860511537
        }
    }, 
    "8": {
        "013_2": {
            "buffer": 0.018316046481908557, 
            "division": 0.010475505614738489
        }, 
        "013_3": {
            "buffer": 0.559909017587986, 
            "division": 0.13447932508966232
        }, 
        "013_4": {
            "buffer": 0.4217749359301052, 
            "division": 0.3062321553871743
        }
    }, 
    "9": {
        "013_1": {
            "buffer": 0.8295935964482373, 
            "division": 0.33651009250577024
        }, 
        "013_3": {
            "buffer": 0.13116507589062404, 
            "division": 0.02938730808444977
        }
    }, 
    "10": {
        "012_19": {
            "buffer": 0.5430715027342438, 
            "division": 0.12535997702134458
        }, 
        "012_20": {
            "buffer": 0.45692850009566355, 
            "division": 0.21229551515838066
        }
    }, 
    "11": {
        "012_13": {
            "buffer": 0.0912954959818047, 
            "division": 0.11051723558485663
        }, 
        "012_15": {
            "buffer": 0.26636265076296745, 
            "division": 0.12891049114197725
        }, 
        "012_14": {
            "buffer": 0.21739629332714908, 
            "division": 0.17307226661494998
        }, 
        "012_16": {
            "buffer": 0.42494555992807964, 
            "division": 0.2275693737855496
        }
    }, 
    "12": {
        "012_11": {
            "buffer": 0.400013122506116, 
            "division": 0.1627390624231883
        }, 
        "012_10": {
            "buffer": 0.5478998185242899, 
            "division": 0.22329164953646588
        }, 
        "012_13": {
            "buffer": 0.05208705896959457, 
            "division": 0.06239588547164432
        }
    }, 
    "13": {
        "012_11": {
            "buffer": 0.10412440745669904, 
            "division": 0.039823512487635875
        }, 
        "012_10": {
            "buffer": 0.1694027441895114, 
            "division": 0.06490246857203867
        }, 
        "013_18": {
            "buffer": 0.018556838873310718, 
            "division": 0.007612244818961889
        }, 
        "012_8": {
            "buffer": 0.7079160094804796, 
            "division": 0.2966483876510128
        }
    }, 
    "14": {
        "012_1": {
            "buffer": 0.08583046756078813, 
            "division": 0.014270583764784886
        }, 
        "012_3": {
            "buffer": 0.10216892771522967, 
            "division": 0.03421807076659029
        }, 
        "012_2": {
            "buffer": 0.7210164168444088, 
            "division": 0.31254773225458754
        }, 
        "012_6": {
            "buffer": 0.09098418787957273, 
            "division": 0.04547477941308273
        }
    }, 
    "15": {
        "001_1": {
            "buffer": 0.25600198053274953, 
            "division": 0.03995441381290262
        }, 
        "001_3": {
            "buffer": 0.6824984374883919, 
            "division": 0.19985924374183336
        }, 
        "001_7": {
            "buffer": 0.05992949653721206, 
            "division": 0.0330166548040046
        }, 
        "001_6": {
            "buffer": 0.0017579492301982578, 
            "division": 0.001843134424568041
        }
    }, 
    "16": {
        "014_31": {
            "buffer": 0.34239318632317933, 
            "division": 0.1456136736580551
        }, 
        "002_1": {
            "buffer": 0.6576068132201092, 
            "division": 0.09539858163632875
        }
    }, 
    "18": {
        "001_1": {
            "buffer": 0.4923090736956607, 
            "division": 0.0763938731449943
        }, 
        "001_3": {
            "buffer": 0.4882766958126557, 
            "division": 0.14216340801783378
        }, 
        "001_7": {
            "buffer": 0.01965374088793776, 
            "division": 0.010765567212182614
        }
    }, 
    "19": {
        "015_15": {
            "buffer": 0.2866657106223973, 
            "division": 0.11716775714717284
        }, 
        "015_9": {
            "buffer": 0.24324982522420457, 
            "division": 0.04933884344611951
        }, 
        "015_11": {
            "buffer": 0.27111774253388576, 
            "division": 0.09198532255861915
        }, 
        "015_12": {
            "buffer": 0.1989667216195131, 
            "division": 0.14268808220430237
        }
    }, 
    "20": {
        "014_12": {
            "buffer": 0.3521188563801247, 
            "division": 0.4088369132412314
        }, 
        "014_11": {
            "buffer": 0.2779980537666113, 
            "division": 0.1360748461674419
        },