{
    "1": {
        "007_13": {
            "buffer": 0.06391735005554537, 
            "division": 0.16877476215662637
        }, 
        "007_16": {
            "buffer": 0.04151174121052685, 
            "division": 0.11361237573932335
        }, 
        "007_15": {
            "buffer": 0.39863525850101744, 
            "division": 0.5636006894417589
        }, 
        "007_14": {
            "buffer": 0.32829702482405093, 
            "division": 0.6619396184114642
        }, 
        "009_11": {
            "buffer": 0.03426598914399088, 
            "division": 0.06792918625373215
        }, 
        "009_13": {
            "buffer": 0.13337263626504411, 
            "division": 0.2556798189304025
        }
    }, 
    "2": {
        "007_17": {
            "buffer": 0.04975984897980283, 
            "division": 0.21057170810630568
        }, 
        "007_16": {
            "buffer": 0.1018481615963376, 
            "division": 0.21596447519530856
        }, 
        "008_14": {
            "buffer": 0.08323377958264852, 
            "division": 0.07623601246501359
        }, 
        "007_14": {
            "buffer": 0.0005801855126954749, 
            "division": 0.0009063433266541049
        }, 
        "009_13": {
            "buffer": 0.013517538438051162, 
            "division": 0.020077135987607093
        }, 
        "007_15": {
            "buffer": 0.7510604858904983, 
            "division": 0.8227069269247825
        }
    }, 
    "3": {
        "008_13": {
            "buffer": 0.007886926799116002, 
            "division": 0.0036563658262667416
        }, 
        "008_16": {
            "buffer": 0.01701463115406411, 
            "division": 0.16729090306991654
        }, 
        "008_14": {
            "buffer": 0.47947276191558685, 
            "division": 0.4533356510299097
        }, 
        "008_15": {
            "buffer": 0.4956256801310282, 
            "division": 0.5625473265313382
        }
    }, 
    "4": {
        "008_13": {
            "buffer": 0.15611043718183013, 
            "division": 0.07335697690825875
        }, 
        "008_16": {
            "buffer": 0.09273517297605077, 
            "division": 0.924191409663261
        }, 
        "008_14": {
            "buffer": 0.3879854668639076, 
            "division": 0.3718253931498346
        }, 
        "008_15": {
            "buffer": 0.3631689229780137, 
            "division": 0.4178126615171406
        }
    }, 
    "5": {
        "008_13": {
            "buffer": 0.22882167793249794, 
            "division": 0.09658508337378628
        }, 
        "008_16": {
            "buffer": 0.11170668176266207, 
            "division": 1.0
        }, 
        "008_14": {
            "buffer": 0.1814320336488562, 
            "division": 0.15618559048653707
        }, 
        "008_15": {
            "buffer": 0.47803960665574663, 
            "division": 0.49401508069635897
        }
    }, 
    "6": {
        "008_13": {
            "buffer": 0.38488941890297007, 
            "division": 0.11290091340438946
        }, 
        "008_10": {
            "buffer": 0.02887798881678442, 
            "division": 0.021083186967787285
        }, 
        "008_16": {
            "buffer": 0.022677012473506536, 
            "division": 0.14107669537924167
        }, 
        "008_15": {
            "buffer": 0.530394441590659, 
            "division": 0.3809113214337351
        }, 
        "008_6": {
            "buffer": 0.0027980959765569117, 
            "division": 0.003029668597767322
        }, 
        "008_7": {
            "buffer": 0.030363042239578544, 
            "division": 0.04476820645278306
        }
    }, 
    "7": {
        "008_13": {
            "buffer": 0.2479235987587394, 
            "division": 0.08123679781453833
        }, 
        "008_10": {
            "buffer": 0.2367205546844153, 
            "division": 0.19305396746107142
        }, 
        "008_7": {
            "buffer": 0.25809060398966543, 
            "division": 0.4250793922928956
        }, 
        "008_6": {
            "buffer": 0.05795343361569472, 
            "division": 0.07009469264896434
        }, 
        "008_15": {
            "buffer": 0.1993118321259209, 
            "division": 0.15989373349041552
        }
    }, 
    "8": {
        "008_13": {
            "buffer": 0.10705343904509788, 
            "division": 0.043417697440462415
        }, 
        "008_10": {
            "buffer": 0.36986803097186555, 
            "division": 0.3733539861906516
        }, 
        "008_7": {
            "buffer": 0.35137880526228593, 
            "division": 0.7163160045663746
        }, 
        "008_6": {
            "buffer": 0.05548566575652363, 
            "division": 0.08306498688895092
        }, 
        "008_15": {
            "buffer": 0.11621407768733062, 
            "division": 0.11539535768120164
        }
    }, 
    "9": {
        "008_12": {
            "buffer": 0.5441048879693299, 
            "division": 0.3127842890968931
        }, 
        "008_10": {
            "buffer": 0.2860771392280356, 
            "division": 0.2781488629680593
        }, 
        "008_11": {
            "buffer": 0.16981797280263564, 
            "division": 1.0
        }
    }, 
    "10": {
        "008_12": {
            "buffer": 0.4272482229480212, 
            "division": 0.2499641920329992
        }, 
        "008_10": {
            "buffer": 0.41045229576610687, 
            "division": 0.4061552347153833
        }, 
        "008_11": {
            "buffer": 0.16229949210055242, 
            "division": 0.9726772083436319
        }
    }, 
    "11": {
        "008_12": {
            "buffer": 0.053966897414536176, 
            "division": 0.032728600028762295
        }, 
        "008_8": {
            "buffer": 0.03940290764149362, 
            "division": 0.0472418084421703
        }, 
        "008_10": {
            "buffer": 0.6913983136353834, 
            "division": 0.7091859534962525
        }, 
        "008_11": {
            "buffer": 0.14919703183150929, 
            "division": 0.9268601399130384
        }, 
        "008_7": {
            "buffer": 0.06603484947705572, 
            "division": 0.13679181030157794
        }
    }, 
    "12": {
        "008_8": {
            "buffer": 0.19616850799199384, 
            "division": 0.2653597699772608
        }, 
        "008_10": {
            "buffer": 0.4597451017988917, 
            "division": 0.5320549274456935
        }, 
        "008_11": {
            "buffer": 0.06199203170919029, 
            "division": 0.4345076647112309
        }, 
        "008_6": {
            "buffer": 0.010289129749643848, 
            "division": 0.01765961392762
        }, 
        "008_7": {
            "buffer": 0.2718052287502084, 
            "division": 0.6352610986867515
        }
    }, 
    "13": {
        "008_12": {
            "buffer": 0.031272693738628704, 
            "division": 0.021781284168736374
        }, 
        "008_10": {
            "buffer": 0.46219919819821587, 
            "division": 0.544476585956291
        }, 
        "008_11": {
            "buffer": 0.10181751231687416, 
            "division": 0.7264315796582834
        }, 
        "008_7": {
            "buffer": 0.1482212739978299, 
            "division": 0.35262707785555225
        }, 
        "008_8": {
            "buffer": 0.2082112559784093, 
            "division": 0.2866953566601465
        }, 
        "008_9": {
            "buffer": 0.0482780657699192, 
            "division": 0.09121847998426973
        }
    }, 
    "14": {
        "008_12": {
            "buffer": 0.0023924972395640053, 
            "division": 0.0016969047358610999
        }, 
        "008_10": {
            "buffer": 0.3882393454041932, 
            "division": 0.4657334101979113
        }, 
        "008_11": {
            "buffer": 0.048414195743508026, 
            "division": 0.3517489280954788
        },