{
    "1": {
        "7_15_3": {
            "buffer": 0.2253859687572641, 
            "division": 0.9257539988383529
        }, 
        "7_15_2": {
            "buffer": 0.3649792719489042, 
            "division": 0.7057889807866665
        }, 
        "7_14_12": {
            "buffer": 0.03893174955540859, 
            "division": 0.1767581763674366
        }, 
        "7_14_10": {
            "buffer": 0.10466713707812049, 
            "division": 0.4331092155106692
        }, 
        "7_15_5": {
            "buffer": 0.010363804271550443, 
            "division": 0.04123871819244769
        }, 
        "7_15_4": {
            "buffer": 0.020061885957460307, 
            "division": 0.08591025953094392
        }, 
        "7_14_9": {
            "buffer": 0.10119929324683459, 
            "division": 0.3579373435803346
        }, 
        "7_14_13": {
            "buffer": 0.13346109518144136, 
            "division": 0.42127964632881987
        }, 
        "9_13_1": {
            "buffer": 0.0009497940030155241, 
            "division": 0.002697199365750017
        }
    }, 
    "2": {
        "7_15_6": {
            "buffer": 0.00985975243023312, 
            "division": 0.058908281627119446
        }, 
        "8_14_4": {
            "buffer": 9.45096332491964e-05, 
            "division": 5.492511499880024e-05
        }, 
        "7_15_9": {
            "buffer": 0.14206824419587127, 
            "division": 0.9150273458779477
        }, 
        "7_15_8": {
            "buffer": 0.05472287365291337, 
            "division": 0.6407575382316517
        }, 
        "7_15_11": {
            "buffer": 0.11565988898518624, 
            "division": 0.18263323476942833
        }, 
        "7_15_10": {
            "buffer": 0.6775947311025504, 
            "division": 0.6875338129097455
        }
    }, 
    "3": {
        "8_15_10": {
            "buffer": 0.11591405262607159, 
            "division": 0.14012544140487726
        }, 
        "8_14_4": {
            "buffer": 0.35458307975491227, 
            "division": 0.2279885002451034
        }, 
        "8_15_8": {
            "buffer": 0.10377787575766433, 
            "division": 0.977436953981086
        }, 
        "8_15_9": {
            "buffer": 0.17756009019544647, 
            "division": 0.5359388254061188
        }, 
        "8_15_3": {
            "buffer": 0.00531271205116786, 
            "division": 0.022598915666861757
        }, 
        "8_15_6": {
            "buffer": 0.09063251819772444, 
            "division": 0.841470290835188
        }, 
        "8_15_7": {
            "buffer": 0.10888704095070305, 
            "division": 0.986632753405717
        }, 
        "8_15_4": {
            "buffer": 0.043332630466524566, 
            "division": 0.3715352886560139
        }
    }, 
    "4": {
        "8_15_10": {
            "buffer": 0.4883711830944244, 
            "division": 0.6945022284995281
        }, 
        "8_13_4": {
            "buffer": 0.005686113871663726, 
            "division": 0.011382899854377375
        }, 
        "8_14_6": {
            "buffer": 0.21947335688224306, 
            "division": 0.6089696705308874
        }, 
        "8_14_5": {
            "buffer": 0.03433478086156596, 
            "division": 0.03334595365429459
        }, 
        "8_14_4": {
            "buffer": 0.2286761194781242, 
            "division": 0.17296509024532972
        }, 
        "8_15_9": {
            "buffer": 0.006694949617593044, 
            "division": 0.02377168059388922
        }, 
        "8_16_3": {
            "buffer": 0.008439581924809418, 
            "division": 0.1291540386223066
        }, 
        "8_16_2": {
            "buffer": 0.008323914269575879, 
            "division": 0.21198089542285434
        }
    }, 
    "5": {
        "8_15_10": {
            "buffer": 0.5511619692822398, 
            "division": 0.5566000294805674
        }, 
        "8_16_10": {
            "buffer": 2.9084720415950092e-05, 
            "division": 0.0005062298209085168
        }, 
        "8_13_1": {
            "buffer": 0.10998158528241637, 
            "division": 0.013027713382021867
        }, 
        "8_16_5": {
            "buffer": 0.04815628672379269, 
            "division": 0.6007174427748552
        }, 
        "8_16_4": {
            "buffer": 0.07217593302418229, 
            "division": 0.9161124184443716
        }, 
        "8_16_1": {
            "buffer": 0.10380904682095751, 
            "division": 1.0
        }, 
        "8_16_3": {
            "buffer": 0.00423157163368539, 
            "division": 0.045986369341074966
        }, 
        "8_16_2": {
            "buffer": 0.05455465876070854, 
            "division": 0.9866005096077455
        }, 
        "8_15_1": {
            "buffer": 0.055899863752198256, 
            "division": 0.015484775377652154
        }
    }, 
    "6": {
        "8_13_1": {
            "buffer": 0.42265871678381145, 
            "division": 0.03579259414803886
        }, 
        "8_15_1": {
            "buffer": 0.5773412832143, 
            "division": 0.11433571173824084
        }
    }, 
    "7": {
        "8_13_1": {
            "buffer": 0.1101292975028852, 
            "division": 0.011550328414031493
        }, 
        "8_15_1": {
            "buffer": 0.5706512455406273, 
            "division": 0.1399613664966312
        }, 
        "8_7_14": {
            "buffer": 0.15271425806943242, 
            "division": 0.15908446963363224
        }, 
        "8_10_8": {
            "buffer": 0.16650519888480364, 
            "division": 0.03685170345236652
        }
    }, 
    "8": {
        "8_13_1": {
            "buffer": 0.03530104149176229, 
            "division": 0.004626969157605468
        }, 
        "8_15_1": {
            "buffer": 0.08167921540615003, 
            "division": 0.02503609460188547
        }, 
        "8_7_14": {
            "buffer": 0.466527551404115, 
            "division": 0.607355706867351
        }, 
        "8_10_8": {
            "buffer": 0.41649219169712204, 
            "division": 0.11520047114831314
        }
    }, 
    "9": {
        "8_12_7": {
            "buffer": 0.5262651905437301, 
            "division": 0.06662599800726843
        }, 
        "8_10_8": {
            "buffer": 0.00393197969210517, 
            "division": 0.0008488250827349608
        }, 
        "8_11_4": {
            "buffer": 0.15503883222346596, 
            "division": 0.9911155515250738
        }, 
        "8_11_5": {
            "buffer": 0.062419374289753686, 
            "division": 0.9059272915072024
        }, 
        "8_11_2": {
            "buffer": 0.18995785753652233, 
            "division": 0.5185227129552203
        }, 
        "8_11_3": {
            "buffer": 0.06238676571442665, 
            "division": 0.23444456055276688
        }
    }, 
    "10": {
        "8_10_7": {
            "buffer": 0.003068201623880124, 
            "division": 0.015763629255350135
        }, 
        "8_12_7": {
            "buffer": 0.2924442161220348, 
            "division": 0.03768839702392573
        }, 
        "8_10_8": {
            "buffer": 0.44563396447303855, 
            "division": 0.09792887585872366
        }, 
        "8_11_4": {
            "buffer": 0.11860670073311887, 
            "division": 0.7718245256828162
        }, 
        "8_11_5": {
            "buffer": 0.059044927127288926, 
            "division": 0.8723325350317795
        }, 
        "8_11_3": {
            "buffer": 0.08120198992064391, 
            "division": 0.3106275054114771
        }
    }, 
    "11": {
        "8_10_7": {
            "buffer": 0.1957209622585321, 
            "division": 0.8132911577586351
        }, 
        "8_10_6": {
            "buffer": 0.1628894918922123, 
            "division": 0.5892536499366697
        }, 
        "8_10_5": {
            "buffer": 0.01786058513666559, 
            "division": 0.060177317054598
        },