{
    "1": {
        "007_13": {
            "buffer": 0.113059715500205, 
            "division": 0.5129524853765509
        }, 
        "007_16": {
            "buffer": 0.08782903967204292, 
            "division": 0.41302213959577677
        }, 
        "007_15": {
            "buffer": 0.3264708504927537, 
            "division": 0.7930868053831571
        }, 
        "007_14": {
            "buffer": 0.26444963868700094, 
            "division": 0.9161675663614958
        }, 
        "009_11": {
            "buffer": 0.07880876127134628, 
            "division": 0.2684405668088514
        }, 
        "009_13": {
            "buffer": 0.12900796907159165, 
            "division": 0.42493916444759133
        }, 
        "009_12": {
            "buffer": 0.0003740253051302508, 
            "division": 0.0008698940509789919
        }
    }, 
    "2": {
        "007_13": {
            "buffer": 0.012813642040587096, 
            "division": 0.04838514734615611
        }, 
        "007_17": {
            "buffer": 0.06062059278515102, 
            "division": 0.4734972374263833
        }, 
        "007_16": {
            "buffer": 0.15246827987386988, 
            "division": 0.5967396963906699
        }, 
        "008_14": {
            "buffer": 0.12742477606457114, 
            "division": 0.21542234026427676
        }, 
        "007_14": {
            "buffer": 0.07255131102565865, 
            "division": 0.20919313583421573
        }, 
        "009_13": {
            "buffer": 0.07771454055464366, 
            "division": 0.2130505871575896
        }, 
        "007_15": {
            "buffer": 0.4942670023342837, 
            "division": 0.9993282435833627
        }, 
        "008_15": {
            "buffer": 0.002139855321590229, 
            "division": 0.00434280773560908
        }
    }, 
    "3": {
        "008_13": {
            "buffer": 0.054933745611973686, 
            "division": 0.039722905250955065
        }, 
        "007_17": {
            "buffer": 0.006872948895945185, 
            "division": 0.04682948905636703
        }, 
        "008_16": {
            "buffer": 0.04180275375832291, 
            "division": 0.6410835597808641
        }, 
        "008_14": {
            "buffer": 0.47530905389460615, 
            "division": 0.7009579755439127
        }, 
        "008_15": {
            "buffer": 0.40273998811151274, 
            "division": 0.7130007365806832
        }, 
        "009_13": {
            "buffer": 5.565980123970257e-05, 
            "division": 0.0001331070739974467
        }, 
        "007_15": {
            "buffer": 0.01828584992629294, 
            "division": 0.03225081762820163
        }
    }, 
    "4": {
        "008_13": {
            "buffer": 0.222058083820049, 
            "division": 0.1701246644379426
        }, 
        "008_16": {
            "buffer": 0.06154479801893093, 
            "division": 1.0
        }, 
        "008_14": {
            "buffer": 0.38444619611524183, 
            "division": 0.6006899473936681
        }, 
        "008_15": {
            "buffer": 0.3319509220456483, 
            "division": 0.6226414176580145
        }
    }, 
    "5": {
        "008_13": {
            "buffer": 0.3331446784795393, 
            "division": 0.2356981094304328
        }, 
        "008_16": {
            "buffer": 0.06664519236517435, 
            "division": 1.0
        }, 
        "008_14": {
            "buffer": 0.2163122063656354, 
            "division": 0.31211766402749613
        }, 
        "008_15": {
            "buffer": 0.3838979227895105, 
            "division": 0.6649705534170666
        }
    }, 
    "6": {
        "008_13": {
            "buffer": 0.2869646122085599, 
            "division": 0.1753502679765877
        }, 
        "008_10": {
            "buffer": 0.08601924738574786, 
            "division": 0.13082223401199758
        }, 
        "008_16": {
            "buffer": 0.060312655775491955, 
            "division": 0.7816179023402564
        }, 
        "008_15": {
            "buffer": 0.467379801073136, 
            "division": 0.6992161692063593
        }, 
        "008_6": {
            "buffer": 0.025182029321213873, 
            "division": 0.056798890227539006
        }, 
        "008_7": {
            "buffer": 0.0741416666630247, 
            "division": 0.22772114711094257
        }
    }, 
    "7": {
        "008_13": {
            "buffer": 0.2506744930656834, 
            "division": 0.1636557144664601
        }, 
        "008_10": {
            "buffer": 0.26090182605618073, 
            "division": 0.4239415472630373
        }, 
        "008_7": {
            "buffer": 0.22000300938107964, 
            "division": 0.721959073408158
        }, 
        "008_6": {
            "buffer": 0.05376966463332043, 
            "division": 0.12957743887919468
        }, 
        "008_15": {
            "buffer": 0.2146510184947239, 
            "division": 0.34309739120368427
        }
    }, 
    "8": {
        "008_13": {
            "buffer": 0.16408011538481743, 
            "division": 0.11405534219713599
        }, 
        "008_10": {
            "buffer": 0.3298152392825157, 
            "division": 0.5706084915541668
        }, 
        "008_15": {
            "buffer": 0.11829499992146969, 
            "division": 0.20132119548207217
        }, 
        "008_6": {
            "buffer": 0.09521591247720419, 
            "division": 0.2443094397338423
        }, 
        "008_7": {
            "buffer": 0.2820223068824338, 
            "division": 0.9853852748407667
        }, 
        "008_8": {
            "buffer": 0.010571436975349685, 
            "division": 0.021378044222337165
        }
    }, 
    "9": {
        "008_12": {
            "buffer": 0.5374085589311088, 
            "division": 0.5313162505357706
        }, 
        "008_9": {
            "buffer": 0.0006868974149370138, 
            "division": 0.0018422780683813671
        }, 
        "008_10": {
            "buffer": 0.3518084071541301, 
            "division": 0.5882833615658511
        }, 
        "008_11": {
            "buffer": 0.09874098042346231, 
            "division": 1.0
        }
    }, 
    "10": {
        "008_12": {
            "buffer": 0.43841926527953407, 
            "division": 0.4393790586050605
        }, 
        "008_13": {
            "buffer": 0.004959019506537573, 
            "division": 0.0033772992184094154
        }, 
        "008_10": {
            "buffer": 0.45564833917490805, 
            "division": 0.7723450139664096
        }, 
        "008_11": {
            "buffer": 0.09740835997363069, 
            "division": 1.0
        }
    }, 
    "11": {
        "008_12": {
            "buffer": 0.17502367816378472, 
            "division": 0.20098301906695681
        }, 
        "008_13": {
            "buffer": 0.0026963542755104697, 
            "division": 0.0021040861220747976
        }, 
        "008_10": {
            "buffer": 0.5028881464556294, 
            "division": 0.9767103498337563
        }, 
        "008_11": {
            "buffer": 0.0850126190766999, 
            "division": 1.0
        }, 
        "008_7": {
            "buffer": 0.1304837172090827, 
            "division": 0.5118065112632597
        }, 
        "008_8": {
            "buffer": 0.0868157301509899, 
            "division": 0.19708757564277557
        }, 
        "008_9": {
            "buffer": 0.017080162501923013, 
            "division": 0.053207069189747276
        }
    }, 
    "12": {
        "008_12": {
            "buffer": 0.02442102947023364, 
            "division": 0.032107745039222084
        }, 
        "008_13": {
            "buffer": 0.0009963969356821128, 
            "division": 0.0008902299886250816
        }, 
        "008_10": {
            "buffer": 0.4017781091865545, 
            "division": 0.8934370124771885
        }, 
        "008_11": {
            "buffer": 0.06529261223115153,