{
    "1": {
        "009_11": {
            "buffer": 0.0004400395064481065, 
            "division": 0.0003941906655608621
        }, 
        "009_13": {
            "buffer": 0.10218007416845308, 
            "division": 0.08851511868637442
        }, 
        "007_15": {
            "buffer": 0.491464264768379, 
            "division": 0.3139852740687713
        }, 
        "007_14": {
            "buffer": 0.4059156215571274, 
            "division": 0.3698356068237013
        }
    }, 
    "2": {
        "007_17": {
            "buffer": 0.012460221677152978, 
            "division": 0.019896317443474316
        }, 
        "008_14": {
            "buffer": 0.02703973219485369, 
            "division": 0.0093452066314077
        }, 
        "007_15": {
            "buffer": 0.9605000461280733, 
            "division": 0.3970028242317814
        }
    }, 
    "3": {
        "008_14": {
            "buffer": 0.370453245670346, 
            "division": 0.16216283084866395
        }, 
        "008_15": {
            "buffer": 0.6295467543296536, 
            "division": 0.33082264782942106
        }
    }, 
    "4": {
        "008_13": {
            "buffer": 0.07404625697191342, 
            "division": 0.017599502674165244
        }, 
        "008_16": {
            "buffer": 0.09723869870115713, 
            "division": 0.4901673500970158
        }, 
        "008_14": {
            "buffer": 0.431955373683831, 
            "division": 0.2093872673921091
        }, 
        "008_15": {
            "buffer": 0.3967596706424567, 
            "division": 0.2308810241230421
        }
    }, 
    "5": {
        "008_13": {
            "buffer": 0.13202939364247124, 
            "division": 0.023910564506422274
        }, 
        "008_16": {
            "buffer": 0.20032154559608206, 
            "division": 0.7694046713064996
        }, 
        "008_14": {
            "buffer": 0.08252752929506942, 
            "division": 0.030481206025523813
        }, 
        "008_15": {
            "buffer": 0.5851215314667985, 
            "division": 0.25943508840703666
        }
    }, 
    "6": {
        "008_13": {
            "buffer": 0.40809705759257087, 
            "division": 0.04795158454663476
        }, 
        "008_15": {
            "buffer": 0.5919029424074289, 
            "division": 0.17027599688324285
        }
    }, 
    "7": {
        "008_13": {
            "buffer": 0.2157713155030749, 
            "division": 0.034856086545697135
        }, 
        "008_10": {
            "buffer": 0.22858658662847298, 
            "division": 0.09190592092510559
        }, 
        "008_7": {
            "buffer": 0.23425434088010816, 
            "division": 0.19021093989741963
        }, 
        "008_6": {
            "buffer": 0.02414478330655374, 
            "division": 0.014397240615864029
        }, 
        "008_15": {
            "buffer": 0.29724302068828795, 
            "division": 0.11756011852582877
        }
    }, 
    "8": {
        "008_13": {
            "buffer": 0.06622145283430857, 
            "division": 0.012447574590427848
        }, 
        "008_10": {
            "buffer": 0.322695837743443, 
            "division": 0.1509688091507133
        }, 
        "008_7": {
            "buffer": 0.42678681759574105, 
            "division": 0.40323661265453026
        }, 
        "008_6": {
            "buffer": 0.030099860129509683, 
            "division": 0.020884378006515443
        }, 
        "008_15": {
            "buffer": 0.15419607209526318, 
            "division": 0.07096149834816748
        }
    }, 
    "9": {
        "008_12": {
            "buffer": 0.4507524594628635, 
            "division": 0.10275795050762039
        }, 
        "008_10": {
            "buffer": 0.18664126214157634, 
            "division": 0.07196425318678747
        }, 
        "008_11": {
            "buffer": 0.36260627839556064, 
            "division": 0.8467723973919304
        }
    }, 
    "10": {
        "008_12": {
            "buffer": 0.3629241579988212, 
            "division": 0.08387636351660777
        }, 
        "008_10": {
            "buffer": 0.38696717350237236, 
            "division": 0.15126194209171287
        }, 
        "008_11": {
            "buffer": 0.2501086684988071, 
            "division": 0.5921156010798292
        }
    }, 
    "11": {
        "008_10": {
            "buffer": 0.7845989457267522, 
            "division": 0.34417064861751684
        }, 
        "008_11": {
            "buffer": 0.2154010542732498, 
            "division": 0.5722636331054418
        }
    }, 
    "12": {
        "008_8": {
            "buffer": 0.16886285625215325, 
            "division": 0.09144945445683397
        }, 
        "008_10": {
            "buffer": 0.5519113301495385, 
            "division": 0.255711266659147
        }, 
        "008_11": {
            "buffer": 0.0011448283663258612, 
            "division": 0.0032125000901911034
        }, 
        "008_7": {
            "buffer": 0.2780809852317443, 
            "division": 0.26019979064574655
        }
    }, 
    "13": {
        "008_8": {
            "buffer": 0.18294452148824208, 
            "division": 0.10376099262205805
        }, 
        "008_10": {
            "buffer": 0.6612582023525523, 
            "division": 0.32086278372607624
        }, 
        "008_11": {
            "buffer": 0.06822421575493456, 
            "division": 0.20049753612557752
        }, 
        "008_7": {
            "buffer": 0.08757306040386077, 
            "division": 0.08581711249955097
        }
    }, 
    "14": {
        "008_8": {
            "buffer": 0.28008101831517973, 
            "division": 0.17178873394813626
        }, 
        "008_10": {
            "buffer": 0.4837535338569835, 
            "division": 0.25384506136944696
        }, 
        "008_11": {
            "buffer": 0.0006761161518674562, 
            "division": 0.0021487608960906427
        }, 
        "008_7": {
            "buffer": 0.23548933167553388, 
            "division": 0.24955765763153956
        }
    }, 
    "15": {
        "009_13": {
            "buffer": 0.008155135932072755, 
            "division": 0.00543930052021669
        }, 
        "007_17": {
            "buffer": 0.0005518779879101379, 
            "division": 0.0010487494378461635
        }, 
        "008_14": {
            "buffer": 0.5466399496763171, 
            "division": 0.22483795495265896
        }, 
        "007_15": {
            "buffer": 0.3749114123299761, 
            "division": 0.18441939927608014
        }, 
        "008_15": {
            "buffer": 0.06974162407380652, 
            "division": 0.03443575793972846
        }
    }, 
    "16": {
        "008_14": {
            "buffer": 0.6400179704254889, 
            "division": 0.2597109147263316
        }, 
        "007_15": {
            "buffer": 0.04157206604452827, 
            "division": 0.02017480407834372
        }, 
        "008_15": {
            "buffer": 0.31840996352995554, 
            "division": 0.15510793417126773
        }
    }, 
    "17": {
        "008_14": {
            "buffer": 0.39016470877553455, 
            "division": 0.17698358479344603
        }, 
        "008_15": {
            "buffer": 0.6098352912244657, 
            "division": 0.33208318674110554
        }
    }, 
    "18": {
        "008_8": {
            "buffer": 0.0638609728416891, 
            "division": 0.036624174712916645
        }, 
        "008_10": {
            "buffer": 0.359241726404937, 
            "division": 0.17625955014445208
        }, 
        "008_7": {
            "buffer": 0.5768973007533192, 
            "division": 0.5716358861323038
        }
    }
}