{
    "1": {
        "009_13": {
            "buffer": 0.0009497940035342499, 
            "division": 0.00028587395559235185
        }, 
        "007_15": {
            "buffer": 0.6207909309351796, 
            "division": 0.13780235005700703
        }, 
        "007_14": {
            "buffer": 0.37825927506180534, 
            "division": 0.1197447460541432
        }
    }, 
    "2": {
        "008_14": {
            "buffer": 9.450963322878302e-05, 
            "division": 1.3653012105262813e-05
        }, 
        "007_15": {
            "buffer": 0.9999054903667512, 
            "division": 0.17275118466994654
        }
    }, 
    "3": {
        "008_14": {
            "buffer": 0.35458307975276615, 
            "division": 0.056672248286209155
        }, 
        "008_15": {
            "buffer": 0.6454169202472334, 
            "division": 0.12383463036430638
        }
    }, 
    "4": {
        "008_13": {
            "buffer": 0.005686113871557531, 
            "division": 0.0005241994910866155
        }, 
        "008_16": {
            "buffer": 0.016763496194385857, 
            "division": 0.032775822424940426
        }, 
        "008_14": {
            "buffer": 0.4824842572195192, 
            "division": 0.0907148301873204
        }, 
        "008_15": {
            "buffer": 0.4950661327138286, 
            "division": 0.11173974937518132
        }
    }, 
    "5": {
        "008_13": {
            "buffer": 0.10998158528547929, 
            "division": 0.0072001473744038305
        }, 
        "008_16": {
            "buffer": 0.28295658168374294, 
            "division": 0.3928702708204886
        }, 
        "008_15": {
            "buffer": 0.60706183303175, 
            "division": 0.09730110505338055
        }
    }, 
    "6": {
        "008_13": {
            "buffer": 0.4226587167857008, 
            "division": 0.01978182549884151
        }, 
        "008_15": {
            "buffer": 0.5773412832143, 
            "division": 0.0661565094281146
        }
    }, 
    "7": {
        "008_13": {
            "buffer": 0.11006320945697758, 
            "division": 0.006379796516834337
        }, 
        "008_10": {
            "buffer": 0.16648494942637299, 
            "division": 0.024018587614601676
        }, 
        "008_7": {
            "buffer": 0.15280059557428893, 
            "division": 0.04451974106191662
        }, 
        "008_15": {
            "buffer": 0.5706512455406273, 
            "division": 0.0809839316293799
        }
    }, 
    "8": {
        "008_13": {
            "buffer": 0.035248159805398485, 
            "division": 0.002553399242815867
        }, 
        "008_10": {
            "buffer": 0.4164759886837478, 
            "division": 0.07508964947806833
        }, 
        "008_7": {
            "buffer": 0.46659663610382507, 
            "division": 0.1698974295227618
        }, 
        "008_15": {
            "buffer": 0.08167921540615003, 
            "division": 0.014486293069699212
        }
    }, 
    "9": {
        "008_12": {
            "buffer": 0.5262651905437301, 
            "division": 0.04378470917139612
        }, 
        "008_10": {
            "buffer": 0.004417936286708066, 
            "division": 0.0006216831613467702
        }, 
        "008_11": {
            "buffer": 0.4693168731695635, 
            "division": 0.39997978035162074
        }
    }, 
    "10": {
        "008_12": {
            "buffer": 0.2924442161220348, 
            "division": 0.024767741605141527
        }, 
        "008_10": {
            "buffer": 0.44937147950248063, 
            "division": 0.06436958491058137
        }, 
        "008_11": {
            "buffer": 0.258184304375486, 
            "division": 0.2239892900464568
        }
    }, 
    "11": {
        "008_10": {
            "buffer": 0.8769304688902332, 
            "division": 0.10159603399031387
        }, 
        "008_11": {
            "buffer": 0.12306953110976934, 
            "division": 0.08635437670356468
        }
    }, 
    "12": {
        "008_8": {
            "buffer": 0.08591030276175993, 
            "division": 0.016325314993750537
        }, 
        "008_10": {
            "buffer": 0.7120851315112214, 
            "division": 0.1157662068054288
        }, 
        "008_7": {
            "buffer": 0.20200456572628747, 
            "division": 0.06632330609257747
        }
    }, 
    "13": {
        "008_8": {
            "buffer": 0.09166560714884209, 
            "division": 0.015731815466075258
        }, 
        "008_10": {
            "buffer": 0.8990728244620007, 
            "division": 0.1320081852060459
        }, 
        "008_11": {
            "buffer": 0.0008220761380444642, 
            "division": 0.0007310384926070856
        }, 
        "008_7": {
            "buffer": 0.008439492250907182, 
            "division": 0.002502519119063339
        }
    }, 
    "14": {
        "008_8": {
            "buffer": 0.30042297484683833, 
            "division": 0.058887268511882966
        }, 
        "008_10": {
            "buffer": 0.4942802166376767, 
            "division": 0.08288864911433767
        }, 
        "008_7": {
            "buffer": 0.2052968085144197, 
            "division": 0.06952790235409881
        }
    }, 
    "15": {
        "008_14": {
            "buffer": 0.7495485694633582, 
            "division": 0.11470330646589016
        }, 
        "007_15": {
            "buffer": 0.25045143053653995, 
            "division": 0.04583627938525947
        }
    }, 
    "16": {
        "008_14": {
            "buffer": 0.7649021490069168, 
            "division": 0.13753874287663387
        }, 
        "008_15": {
            "buffer": 0.23509785099308306, 
            "division": 0.050747793009459544
        }
    }, 
    "17": {
        "008_14": {
            "buffer": 0.3971475831895281, 
            "division": 0.06865285880349778
        }, 
        "008_15": {
            "buffer": 0.602852416810472, 
            "division": 0.12510280286532685
        }
    }, 
    "18": {
        "008_10": {
            "buffer": 0.44037865368055784, 
            "division": 0.08316645157653531
        }, 
        "008_7": {
            "buffer": 0.5596213463202716, 
            "division": 0.21343777267544584
        }
    }
}