{
    "1": {
        "7_15_3": {
            "buffer": 0.22538596875726416, 
            "division": 0.9257539988383529
        }, 
        "7_15_2": {
            "buffer": 0.3649792719489044, 
            "division": 0.7057889807866667
        }, 
        "7_14_12": {
            "buffer": 0.0389317495554086, 
            "division": 0.1767581763674366
        }, 
        "7_14_10": {
            "buffer": 0.10466713707812052, 
            "division": 0.4331092155106692
        }, 
        "7_15_5": {
            "buffer": 0.010363804271550444, 
            "division": 0.04123871819244769
        }, 
        "7_15_4": {
            "buffer": 0.02006188595746031, 
            "division": 0.08591025953094392
        }, 
        "7_14_9": {
            "buffer": 0.10119929324683462, 
            "division": 0.3579373435803346
        }, 
        "7_14_13": {
            "buffer": 0.13346109518144136, 
            "division": 0.42127964632881987
        }, 
        "9_13_1": {
            "buffer": 0.000949794003015679, 
            "division": 0.0026971993657504563
        }
    }, 
    "2": {
        "7_15_6": {
            "buffer": 0.00985975243023308, 
            "division": 0.058908281627119446
        }, 
        "8_14_4": {
            "buffer": 9.450963324919603e-05, 
            "division": 5.492511499880024e-05
        }, 
        "7_15_9": {
            "buffer": 0.1420682441958707, 
            "division": 0.9150273458779477
        }, 
        "7_15_8": {
            "buffer": 0.05472287365291314, 
            "division": 0.6407575382316517
        }, 
        "7_15_11": {
            "buffer": 0.11565988898518596, 
            "division": 0.1826332347694286
        }, 
        "7_15_10": {
            "buffer": 0.677594731102548, 
            "division": 0.6875338129097458
        }
    }, 
    "3": {
        "8_15_10": {
            "buffer": 0.1159140526260467, 
            "division": 0.14012544140487726
        }, 
        "8_14_4": {
            "buffer": 0.35458307975483633, 
            "division": 0.22798850024510356
        }, 
        "8_15_8": {
            "buffer": 0.10377787575764204, 
            "division": 0.977436953981086
        }, 
        "8_15_9": {
            "buffer": 0.17756009019540825, 
            "division": 0.5359388254061185
        }, 
        "8_15_3": {
            "buffer": 0.005312712051166719, 
            "division": 0.022598915666861757
        }, 
        "8_15_6": {
            "buffer": 0.09063251819770499, 
            "division": 0.841470290835188
        }, 
        "8_15_7": {
            "buffer": 0.10888704095067966, 
            "division": 0.986632753405717
        }, 
        "8_15_4": {
            "buffer": 0.04333263046651526, 
            "division": 0.3715352886560139
        }
    }, 
    "4": {
        "8_15_10": {
            "buffer": 0.4883711830944245, 
            "division": 0.6945022284995281
        }, 
        "8_13_4": {
            "buffer": 0.005686113871663727, 
            "division": 0.011382899854377375
        }, 
        "8_14_6": {
            "buffer": 0.21947335688224312, 
            "division": 0.6089696705308874
        }, 
        "8_14_5": {
            "buffer": 0.03433478086156597, 
            "division": 0.03334595365429459
        }, 
        "8_14_4": {
            "buffer": 0.22867611947812425, 
            "division": 0.17296509024532972
        }, 
        "8_15_9": {
            "buffer": 0.006694949617593046, 
            "division": 0.02377168059388922
        }, 
        "8_16_3": {
            "buffer": 0.00843958192480942, 
            "division": 0.1291540386223066
        }, 
        "8_16_2": {
            "buffer": 0.008323914269575879, 
            "division": 0.21198089542285428
        }
    }, 
    "5": {
        "8_15_10": {
            "buffer": 0.551161969281911, 
            "division": 0.5566000294805674
        }, 
        "8_16_10": {
            "buffer": 2.9084720415932738e-05, 
            "division": 0.0005062298209085168
        }, 
        "8_13_1": {
            "buffer": 0.10998158528235061, 
            "division": 0.013027713382021848
        }, 
        "8_16_5": {
            "buffer": 0.04815628672376396, 
            "division": 0.6007174427748552
        }, 
        "8_16_4": {
            "buffer": 0.07217593302413923, 
            "division": 0.9161124184443716
        }, 
        "8_16_1": {
            "buffer": 0.10380904682089558, 
            "division": 1.0
        }, 
        "8_16_3": {
            "buffer": 0.004231571633682864, 
            "division": 0.04598636934107496
        }, 
        "8_16_2": {
            "buffer": 0.054554658760675986, 
            "division": 0.9866005096077455
        }, 
        "8_15_1": {
            "buffer": 0.05589986375216491, 
            "division": 0.015484775377652154
        }
    }, 
    "6": {
        "8_13_1": {
            "buffer": 0.42265871678460964, 
            "division": 0.03579259414803886
        }, 
        "8_15_1": {
            "buffer": 0.5773412832153904, 
            "division": 0.11433571173824084
        }
    }, 
    "7": {
        "8_13_1": {
            "buffer": 0.11012929750313284, 
            "division": 0.011550328414031457
        }, 
        "8_15_1": {
            "buffer": 0.5706512455419123, 
            "division": 0.1399613664966312
        }, 
        "8_7_14": {
            "buffer": 0.1527142580697763, 
            "division": 0.15908446963363224
        }, 
        "8_10_8": {
            "buffer": 0.1665051988851785, 
            "division": 0.03685170345236651
        }
    }, 
    "8": {
        "8_13_1": {
            "buffer": 0.03530104149179233, 
            "division": 0.00462696915760547
        }, 
        "8_15_1": {
            "buffer": 0.0816792154062195, 
            "division": 0.02503609460188547
        }, 
        "8_7_14": {
            "buffer": 0.4665275514045118, 
            "division": 0.607355706867351
        }, 
        "8_10_8": {
            "buffer": 0.41649219169747637, 
            "division": 0.11520047114831318
        }
    }, 
    "9": {
        "8_12_7": {
            "buffer": 0.5262651905437281, 
            "division": 0.06662599800726843
        }, 
        "8_10_8": {
            "buffer": 0.003931979692105156, 
            "division": 0.0008488250827349608
        }, 
        "8_11_4": {
            "buffer": 0.15503883222346537, 
            "division": 0.9911155515250738
        }, 
        "8_11_5": {
            "buffer": 0.06241937428975345, 
            "division": 0.9059272915072024
        }, 
        "8_11_2": {
            "buffer": 0.1899578575365216, 
            "division": 0.5185227129552203
        }, 
        "8_11_3": {
            "buffer": 0.06238676571442641, 
            "division": 0.23444456055276688
        }
    }, 
    "10": {
        "8_10_7": {
            "buffer": 0.00306820162388011, 
            "division": 0.015763629255350135
        }, 
        "8_12_7": {
            "buffer": 0.292444216122033, 
            "division": 0.037688397023925665
        }, 
        "8_10_8": {
            "buffer": 0.44563396447303655, 
            "division": 0.09792887585872366
        }, 
        "8_11_4": {
            "buffer": 0.11860670073311833, 
            "division": 0.7718245256828162
        }, 
        "8_11_5": {
            "buffer": 0.059044927127288656, 
            "division": 0.8723325350317795
        }, 
        "8_11_3": {
            "buffer": 0.08120198992064354, 
            "division": 0.3106275054114771
        }
    }, 
    "11": {
        "8_10_7": {
            "buffer": 0.19572096225853186, 
            "division": 0.8132911577586351
        }, 
        "8_10_6": {
            "buffer": 0.16288949189221208, 
            "division": 0.5892536499366697
        }, 
        "8_10_5": {
            "buffer": 0.017860585136665563, 
            "division": 0.060177317054598
        },