{
    "1": {
        "1_9_6": {
            "buffer": 0.008610030412015085, 
            "division": 0.48013181663167664
        }, 
        "1_12_8": {
            "buffer": 0.00935716053118384, 
            "division": 1.0
        }, 
        "1_19_6": {
            "buffer": 0.007829746164379965, 
            "division": 0.9058633202327472
        }, 
        "1_21_9": {
            "buffer": 0.0017746044649671517, 
            "division": 0.18216261957895408
        }, 
        "1_12_6": {
            "buffer": 0.018402154678175013, 
            "division": 0.9518818799012475
        }, 
        "1_22_2": {
            "buffer": 0.006656136224604445, 
            "division": 0.813903007722236
        }, 
        "1_17_11": {
            "buffer": 0.008097012149977248, 
            "division": 1.0
        }, 
        "1_17_10": {
            "buffer": 0.0068942720193608965, 
            "division": 0.45159056496612815
        }, 
        "1_22_1": {
            "buffer": 0.027122991473772354, 
            "division": 1.0
        }, 
        "1_6_8": {
            "buffer": 0.001645347754488474, 
            "division": 0.16059295265549517
        }, 
        "1_12_9": {
            "buffer": 0.08003060040309135, 
            "division": 0.7325832239741379
        }, 
        "1_12_2": {
            "buffer": 0.00898964418456996, 
            "division": 0.8981623737325319
        }, 
        "1_9_4": {
            "buffer": 0.009765761521861068, 
            "division": 1.0
        }, 
        "1_12_3": {
            "buffer": 0.02001752461575084, 
            "division": 1.0
        }, 
        "1_5_1": {
            "buffer": 0.0006902460317113558, 
            "division": 0.038516000295245496
        }, 
        "1_5_3": {
            "buffer": 0.0026105298285191325, 
            "division": 0.1774202540237891
        }, 
        "1_5_2": {
            "buffer": 0.020091894442575236, 
            "division": 0.9083235143851451
        }, 
        "1_21_10": {
            "buffer": 0.019706641971812714, 
            "division": 0.9568357352847104
        }, 
        "1_5_7": {
            "buffer": 0.014590402809772673, 
            "division": 1.0
        }, 
        "1_5_6": {
            "buffer": 0.006613991939144552, 
            "division": 0.733878070878577
        }, 
        "1_17_3": {
            "buffer": 0.019186195624081404, 
            "division": 1.0
        }, 
        "1_9_5": {
            "buffer": 0.009671332366855063, 
            "division": 1.0
        }, 
        "1_15_11": {
            "buffer": 0.00787384735509643, 
            "division": 0.8510811534622137
        }, 
        "1_9_16": {
            "buffer": 0.019383312601009034, 
            "division": 0.5171280460130306
        }, 
        "1_7_1": {
            "buffer": 0.007733753768305729, 
            "division": 0.7429654387353163
        }, 
        "1_9_18": {
            "buffer": 0.0009092463743288396, 
            "division": 0.1042334886549578
        }, 
        "1_8_10": {
            "buffer": 0.010221028517614496, 
            "division": 1.0
        }, 
        "1_6_9": {
            "buffer": 0.009780939381775162, 
            "division": 0.8803888063126165
        }, 
        "1_6_7": {
            "buffer": 0.005276017197516404, 
            "division": 0.6220119864901427
        }, 
        "1_9_17": {
            "buffer": 0.01827723114699658, 
            "division": 1.0
        }, 
        "1_15_2": {
            "buffer": 0.017208016238591757, 
            "division": 0.3820804169853926
        }, 
        "1_17_1": {
            "buffer": 0.007586346422007218, 
            "division": 0.28315731948023354
        }, 
        "1_7_9": {
            "buffer": 0.008763243774997447, 
            "division": 0.8603768999809915
        }, 
        "1_6_1": {
            "buffer": 8.065260817198018e-05, 
            "division": 0.002877160134453399
        }, 
        "1_8_4": {
            "buffer": 0.011057404146078814, 
            "division": 1.0
        }, 
        "1_8_5": {
            "buffer": 0.009963781971900164, 
            "division": 1.0
        }, 
        "1_8_6": {
            "buffer": 0.0079232574596452, 
            "division": 0.8198974554837181
        }, 
        "1_22_8": {
            "buffer": 0.0005355512685454168, 
            "division": 0.023265518946134593
        }, 
        "1_19_5": {
            "buffer": 0.019446040934262273, 
            "division": 1.0
        }, 
        "1_19_4": {
            "buffer": 0.008068344244264834, 
            "division": 0.8951542447647899
        }, 
        "1_8_2": {
            "buffer": 0.00845064556517366, 
            "division": 0.7919797432885681
        }, 
        "1_8_3": {
            "buffer": 0.04428900457031604, 
            "division": 1.0
        }, 
        "1_22_3": {
            "buffer": 0.007639174047860238, 
            "division": 0.8124983292393035
        }, 
        "1_12_7": {
            "buffer": 0.007994095809532148, 
            "division": 0.4425504631433402
        }, 
        "1_12_4": {
            "buffer": 0.008134650411592571, 
            "division": 0.8930421836952083
        }, 
        "1_7_8": {
            "buffer": 0.008191159896764012, 
            "division": 0.8028717315556768
        }, 
        "1_22_7": {
            "buffer": 0.0022764939084556394, 
            "division": 0.24034047794854857
        }, 
        "1_22_6": {
            "buffer": 0.00891886018614725, 
            "division": 0.9433671364319048
        }, 
        "1_22_5": {
            "buffer": 0.020527990731957005, 
            "division": 1.0
        }, 
        "1_22_4": {
            "buffer": 0.006623701717868118, 
            "division": 0.7224366465409952
        }, 
        "1_21_4": {
            "buffer": 0.014220325260285117, 
            "division": 0.7798922835029466
        }, 
        "1_15_10": {
            "buffer": 0.01583753056501616, 
            "division": 1.0
        }, 
        "1_28_7": {
            "buffer": 0.0005594171674167313, 
            "division": 0.021157452610013276
        }, 
        "1_21_2": {
            "buffer": 0.012700399776525482, 
            "division": 0.6201023487035174
        }, 
        "1_17_5": {
            "buffer": 0.008057619036331187, 
            "division": 0.4446640704896153
        }, 
        "1_21_3": {
            "buffer": 0.010181420578792658, 
            "division": 1.0
        }, 
        "1_6_10": {
            "buffer": 0.010159705383811867, 
            "division": 1.0
        }, 
        "1_12_10": {
            "buffer": 0.005491131496906223, 
            "division": 0.22700120245274127
        }, 
        "1_9_7": {
            "buffer": 0.008666248602160025, 
            "division": 0.9116734751135399
        }, 
        "1_17_4": {
            "buffer": 0.008104419327328645, 
            "division": 0.8427296451259364
        }, 
        "1_22_9": {
            "buffer": 0.0017121460171872066, 
            "division": 0.043224110869508496
        }, 
        "1_9_3": {
            "buffer": 0.07207223997772366, 
            "division": 0.959756901276628
        }, 
        "1_9_2": {
            "buffer": 0.008507036817817644, 
            "division": 0.23129003282732483
        }, 
        "1_15_5": {
            "buffer": 0.024449947109021597, 
            "division": 0.9702118249906084
        }, 
        "1_15_4": {
            "buffer": 0.00889338398119613, 
            "division": 0.31577199341138074
        }, 
        "1_15_6": {
            "buffer": 0.020305183735691054, 
            "division": 0.9585846205873626
        }, 
        "1_15_1": {
            "buffer": 0.042483765674744614, 
            "division": 0.9995647213926935
        }, 
        "1_15_3": {
            "buffer": 0.033176102403784186, 
            "division": 1.0
        }, 
        "1_17_2": {
            "buffer": 0.009125817252289095, 
            "division": 1.0
        },