{
    "1": {
        "1_12_8": {
            "buffer": 0.005067243186610909, 
            "division": 1.0
        }, 
        "1_12_9": {
            "buffer": 0.055464109670397596, 
            "division": 0.9375302144230472
        }, 
        "1_12_6": {
            "buffer": 0.010469194884849396, 
            "division": 1.0
        }, 
        "1_19_8": {
            "buffer": 0.0018559715501223276, 
            "division": 0.32669923089043335
        }, 
        "1_17_11": {
            "buffer": 0.004384826947463626, 
            "division": 1.0
        }, 
        "1_17_10": {
            "buffer": 0.00826744324678863, 
            "division": 1.0
        }, 
        "2_6_10": {
            "buffer": 0.0016076042878087526, 
            "division": 0.42329579381163684
        }, 
        "1_15_9": {
            "buffer": 0.013673705285155005, 
            "division": 1.0
        }, 
        "1_22_10": {
            "buffer": 0.00024325672668454686, 
            "division": 0.029890372790069366
        }, 
        "1_12_2": {
            "buffer": 0.005420200003340934, 
            "division": 1.0
        }, 
        "1_12_3": {
            "buffer": 0.010840218556039513, 
            "division": 1.0
        }, 
        "1_22_5": {
            "buffer": 0.011116654547569322, 
            "division": 1.0
        }, 
        "1_22_4": {
            "buffer": 0.004965107614932609, 
            "division": 1.0
        }, 
        "1_9_19": {
            "buffer": 0.0029916072490482532, 
            "division": 0.16252633284238616
        }, 
        "1_9_18": {
            "buffer": 0.004723913878411032, 
            "division": 1.0
        }, 
        "1_10_1": {
            "buffer": 0.002420310998297899, 
            "division": 0.45389170819028335
        }, 
        "1_14_5": {
            "buffer": 0.0064403322337804915, 
            "division": 0.4302244695728369
        }, 
        "2_6_6": {
            "buffer": 0.0019056911130962016, 
            "division": 0.37533882378837796
        }, 
        "1_9_16": {
            "buffer": 0.018155102548391724, 
            "division": 0.8944192371060677
        }, 
        "1_14_1": {
            "buffer": 0.007497591531543312, 
            "division": 0.2195411074846507
        }, 
        "1_22_9": {
            "buffer": 0.00797063701293418, 
            "division": 0.3715785477505186
        }, 
        "1_19_2": {
            "buffer": 0.0020633305120122437, 
            "division": 0.36704729886546095
        }, 
        "1_19_5": {
            "buffer": 0.01053073933083743, 
            "division": 1.0
        }, 
        "1_19_4": {
            "buffer": 0.004881060731239199, 
            "division": 1.0
        }, 
        "1_19_7": {
            "buffer": 0.005289025474383876, 
            "division": 1.0
        }, 
        "1_19_6": {
            "buffer": 0.004680720135758468, 
            "division": 1.0
        }, 
        "1_22_3": {
            "buffer": 0.005091568552499617, 
            "division": 1.0
        }, 
        "1_12_7": {
            "buffer": 0.009782147713659043, 
            "division": 1.0
        }, 
        "1_12_4": {
            "buffer": 0.004932812264892292, 
            "division": 1.0
        }, 
        "1_12_5": {
            "buffer": 0.009837678888061568, 
            "division": 1.0
        }, 
        "1_22_7": {
            "buffer": 0.005129407933486862, 
            "division": 1.0
        }, 
        "1_22_6": {
            "buffer": 0.005119838715701581, 
            "division": 1.0
        }, 
        "1_21_10": {
            "buffer": 0.011153287747747953, 
            "division": 1.0
        }, 
        "1_12_1": {
            "buffer": 0.0054797301895722975, 
            "division": 1.0
        }, 
        "1_17_3": {
            "buffer": 0.010390023632608384, 
            "division": 1.0
        }, 
        "1_17_2": {
            "buffer": 0.004941962376279517, 
            "division": 1.0
        }, 
        "1_17_1": {
            "buffer": 0.01177383473630498, 
            "division": 0.8114941444982536
        }, 
        "1_17_7": {
            "buffer": 0.0018367991551020788, 
            "division": 0.38470610914005104
        }, 
        "1_17_6": {
            "buffer": 0.004996788257574652, 
            "division": 1.0
        }, 
        "1_17_5": {
            "buffer": 0.009813012634557543, 
            "division": 1.0
        }, 
        "1_17_4": {
            "buffer": 0.0052078839627032894, 
            "division": 1.0
        }, 
        "1_10_8": {
            "buffer": 0.0038320427711020805, 
            "division": 0.4307330120595116
        }, 
        "1_17_9": {
            "buffer": 0.0017055711258892104, 
            "division": 0.40220607566407596
        }, 
        "1_17_8": {
            "buffer": 0.001959787106213778, 
            "division": 0.38581488562482896
        }, 
        "1_15_5": {
            "buffer": 0.013647057694285576, 
            "division": 1.0
        }, 
        "1_15_4": {
            "buffer": 0.015251800020163072, 
            "division": 1.0
        }, 
        "1_15_7": {
            "buffer": 0.0047265910382906515, 
            "division": 1.0
        }, 
        "1_15_6": {
            "buffer": 0.011471075384465143, 
            "division": 1.0
        }, 
        "1_15_1": {
            "buffer": 0.0230165248416862, 
            "division": 1.0
        }, 
        "1_15_3": {
            "buffer": 0.017966067623145957, 
            "division": 1.0
        }, 
        "1_15_2": {
            "buffer": 0.02438954482328209, 
            "division": 1.0
        }, 
        "1_26_5": {
            "buffer": 0.001159752289935235, 
            "division": 0.10603399457074006
        }, 
        "1_26_4": {
            "buffer": 0.004952421112575763, 
            "division": 0.9148703423777083
        }, 
        "1_11_11": {
            "buffer": 0.0022800435074897367, 
            "division": 0.44595605824020834
        }, 
        "1_26_2": {
            "buffer": 0.001205651558240399, 
            "division": 0.23874095308214802
        }, 
        "1_26_1": {
            "buffer": 0.005105099257994794, 
            "division": 1.0
        }, 
        "1_11_12": {
            "buffer": 0.002202195831109059, 
            "division": 0.20542443455345194
        }, 
        "1_23_10": {
            "buffer": 0.005108787006986803, 
            "division": 1.0
        }, 
        "1_6_8": {
            "buffer": 0.005548286601753559, 
            "division": 1.0
        }, 
        "1_7_11": {
            "buffer": 0.0018868793631887616, 
            "division": 0.19633424072435093
        }, 
        "1_7_10": {
            "buffer": 0.005421473229302754, 
            "division": 1.0
        }, 
        "1_10_14": {
            "buffer": 0.002076653319482529, 
            "division": 0.4373879357038387
        }, 
        "1_6_9": {
            "buffer": 0.0060163587144089325, 
            "division": 1.0
        }, 
        "1_6_6": {
            "buffer": 0.007355181062138251, 
            "division": 0.5817774757421638
        }, 
        "1_6_7": {
            "buffer": 0.00459340898698474, 
            "division": 1.0
        }, 
        "1_6_4": {
            "buffer": 0.0011458922882351826, 
            "division": 0.1663663918077588
        }, 
        "1_6_2": {
            "buffer": 0.005128238161765913, 
            "division": 0.9969934830500967
        }, 
        "1_6_3": {
            "buffer": 0.0007363982255790641, 
            "division": 0.0953429064629885
        }, 
        "1_6_1": {
            "buffer": 0.007638408563619137, 
            "division": 0.5031770619274152
        }, 
        "1_28_5": {
            "buffer": 0.006693104253929678, 
            "division": 0.5424130367694802
        }, 
        "1_23_2": {
            "buffer": 0.0017355178992659564, 
            "division": 0.31660414706830015
        },