{
    "1": {
        "008_12": {
            "buffer": 0.12314537520754089, 
            "division": 0.2157453286328707
        }, 
        "008_13": {
            "buffer": 0.003399155880467607, 
            "division": 0.004046861810930968
        }, 
        "008_10": {
            "buffer": 0.30642172609382695, 
            "division": 0.9079766515889982
        }, 
        "008_11": {
            "buffer": 0.055721482266933145, 
            "division": 1.0
        }, 
        "008_15": {
            "buffer": 0.004598842426308766, 
            "division": 0.01340476658377128
        }, 
        "008_6": {
            "buffer": 0.07351890857558882, 
            "division": 0.3230854346603228
        }, 
        "008_7": {
            "buffer": 0.16710512829622998, 
            "division": 1.0
        }, 
        "008_8": {
            "buffer": 0.18467843864632794, 
            "division": 0.6396431520875331
        }, 
        "008_9": {
            "buffer": 0.0814109489848394, 
            "division": 0.38691974393093076
        }
    }, 
    "2": {
        "008_12": {
            "buffer": 0.31974201011605274, 
            "division": 0.7191105514415801
        }, 
        "008_13": {
            "buffer": 0.012624523813886724, 
            "division": 0.019294563808583902
        }, 
        "008_10": {
            "buffer": 0.26288887520617826, 
            "division": 1.0
        }, 
        "008_11": {
            "buffer": 0.04340602290041487, 
            "division": 1.0
        }, 
        "008_15": {
            "buffer": 0.004763455017486718, 
            "division": 0.017824011788551537
        }, 
        "008_6": {
            "buffer": 0.05829066066112418, 
            "division": 0.3288440373771505
        }, 
        "008_7": {
            "buffer": 0.13017186066328493, 
            "division": 1.0
        }, 
        "008_8": {
            "buffer": 0.12079686488054782, 
            "division": 0.537093490747553
        }, 
        "008_9": {
            "buffer": 0.03200233892504131, 
            "division": 0.19525063740944087
        }
    }, 
    "3": {
        "007_19": {
            "buffer": 3.25225922221341e-06, 
            "division": 0.00015403665290718326
        }, 
        "007_18": {
            "buffer": 0.00602559396887117, 
            "division": 0.1310130335763762
        }, 
        "007_13": {
            "buffer": 0.03315150679410177, 
            "division": 0.5832191194236294
        }, 
        "007_17": {
            "buffer": 0.02305561022969653, 
            "division": 0.8390017986503746
        }, 
        "007_16": {
            "buffer": 0.03832925202619437, 
            "division": 0.6989156614857489
        }, 
        "007_15": {
            "buffer": 0.1061608668294737, 
            "division": 1.0
        }, 
        "007_14": {
            "buffer": 0.07083093346555214, 
            "division": 0.9515116947777049
        }, 
        "009_11": {
            "buffer": 0.02111378450527591, 
            "division": 0.27886817892683696
        }, 
        "009_13": {
            "buffer": 0.06767479155512242, 
            "division": 0.8643634178648654
        }, 
        "009_12": {
            "buffer": 0.00012176606897111754, 
            "division": 0.001098122754317377
        }, 
        "009_14": {
            "buffer": 0.005738652212949663, 
            "division": 0.11346626116822035
        }, 
        "008_12": {
            "buffer": 0.0016287325019711525, 
            "division": 0.009256302140898117
        }, 
        "008_13": {
            "buffer": 0.11251466238320816, 
            "division": 0.4345311144846593
        }, 
        "008_10": {
            "buffer": 0.09830373664203607, 
            "division": 0.9449081980942948
        }, 
        "008_11": {
            "buffer": 0.01232531319592294, 
            "division": 0.7175295109591853
        }, 
        "008_16": {
            "buffer": 0.012209005414895486, 
            "division": 1.0
        }, 
        "008_17": {
            "buffer": 0.008226367347254546, 
            "division": 1.0
        }, 
        "008_14": {
            "buffer": 0.1054531862713068, 
            "division": 0.8305878364068032
        }, 
        "008_15": {
            "buffer": 0.10576081982251509, 
            "division": 1.0
        }, 
        "008_5": {
            "buffer": 0.0003083057379929394, 
            "division": 0.006906301018958132
        }, 
        "008_6": {
            "buffer": 0.06443511357989376, 
            "division": 0.9185554777957088
        }, 
        "008_7": {
            "buffer": 0.051514004743607, 
            "division": 1.0
        }, 
        "008_8": {
            "buffer": 0.0472952037627334, 
            "division": 0.531377456931621
        }, 
        "008_9": {
            "buffer": 0.007893869333354706, 
            "division": 0.12170053076210265
        }
    }
}