{
    "1": {
        "008_12": {
            "buffer": 0.17992807288400636, 
            "division": 0.9600636717318655
        }, 
        "008_13": {
            "buffer": 0.0777887946586854, 
            "division": 0.2820604204751746
        }, 
        "008_10": {
            "buffer": 0.11080696518278751, 
            "division": 1.0
        }, 
        "008_11": {
            "buffer": 0.018295523781587976, 
            "division": 1.0
        }, 
        "008_17": {
            "buffer": 0.002624665720175664, 
            "division": 0.2995568457479174
        }, 
        "008_15": {
            "buffer": 0.042386290491833754, 
            "division": 0.37628243895121344
        }, 
        "008_1": {
            "buffer": 0.001987513639057662, 
            "division": 0.020984580024621367
        }, 
        "008_2": {
            "buffer": 0.0015717201054139386, 
            "division": 0.0766665918238366
        }, 
        "008_3": {
            "buffer": 0.10172708871830582, 
            "division": 0.8986604088434365
        }, 
        "008_4": {
            "buffer": 0.03803847028389022, 
            "division": 0.4119669294254732
        }, 
        "008_5": {
            "buffer": 0.011547367172828144, 
            "division": 0.24286236515156903
        }, 
        "008_6": {
            "buffer": 0.07471432172698494, 
            "division": 1.0
        }, 
        "008_7": {
            "buffer": 0.0548670947790502, 
            "division": 1.0
        }, 
        "008_8": {
            "buffer": 0.09479831676234979, 
            "division": 1.0
        }, 
        "008_9": {
            "buffer": 0.0690850557210539, 
            "division": 1.0
        }, 
        "009_14": {
            "buffer": 8.710574074410829e-05, 
            "division": 0.0016170258636563348
        }
    }, 
    "2": {
        "008_12": {
            "buffer": 0.1389989780414957, 
            "division": 1.0
        }, 
        "008_13": {
            "buffer": 0.0761475847235996, 
            "division": 0.37227898774570756
        }, 
        "008_10": {
            "buffer": 0.08218258086118277, 
            "division": 1.0
        }, 
        "008_11": {
            "buffer": 0.013569303699435743, 
            "division": 1.0
        }, 
        "008_17": {
            "buffer": 0.002074394366456306, 
            "division": 0.3192154175544344
        }, 
        "008_15": {
            "buffer": 0.03241987808640246, 
            "division": 0.38804956613895164
        }, 
        "008_1": {
            "buffer": 0.00015010261794741093, 
            "division": 0.0021368090571116734
        }, 
        "008_2": {
            "buffer": 0.00019487418898530784, 
            "division": 0.012816591847331449
        }, 
        "008_3": {
            "buffer": 0.06638712094177374, 
            "division": 0.7907334529708893
        }, 
        "008_4": {
            "buffer": 0.027404943504677894, 
            "division": 0.4001801170123053
        }, 
        "008_5": {
            "buffer": 0.008744188945175778, 
            "division": 0.24796139035525164
        }, 
        "008_6": {
            "buffer": 0.05541362654132297, 
            "division": 1.0
        }, 
        "008_7": {
            "buffer": 0.04069346584719845, 
            "division": 1.0
        }, 
        "008_8": {
            "buffer": 0.07030939183267179, 
            "division": 1.0
        }, 
        "008_9": {
            "buffer": 0.051238549568874685, 
            "division": 1.0
        }, 
        "009_14": {
            "buffer": 8.323765657060502e-05, 
            "division": 0.0020834223440606503
        }
    }, 
    "3": {
        "006_14": {
            "buffer": 8.680003979440782e-05, 
            "division": 0.008683917781179579
        }, 
        "007_19": {
            "buffer": 0.008571939605173239, 
            "division": 1.0
        }, 
        "007_18": {
            "buffer": 0.018672539323470738, 
            "division": 1.0
        }, 
        "006_13": {
            "buffer": 0.004196841123989205, 
            "division": 0.4539083023914391
        }, 
        "007_13": {
            "buffer": 0.023077541552751712, 
            "division": 1.0
        }, 
        "007_12": {
            "buffer": 0.017148909528617508, 
            "division": 1.0
        }, 
        "007_11": {
            "buffer": 0.008371912068060199, 
            "division": 0.9720365354803552
        }, 
        "007_10": {
            "buffer": 0.008761923631378805, 
            "division": 1.0
        }, 
        "007_17": {
            "buffer": 0.0111565971470127, 
            "division": 1.0
        }, 
        "007_16": {
            "buffer": 0.022265045848505586, 
            "division": 1.0
        }, 
        "007_15": {
            "buffer": 0.04310051681745861, 
            "division": 1.0
        }, 
        "007_14": {
            "buffer": 0.03022225437784019, 
            "division": 1.0
        }, 
        "004_1": {
            "buffer": 0.020980816610876335, 
            "division": 0.4306550773460447
        }, 
        "008_2": {
            "buffer": 6.99680982977731e-05, 
            "division": 0.008953640402373269
        }, 
        "008_3": {
            "buffer": 0.0338730994107953, 
            "division": 0.785023321990677
        }, 
        "010_19": {
            "buffer": 0.017798759134546763, 
            "division": 0.8768658562457882
        }, 
        "010_18": {
            "buffer": 0.002351923789809108, 
            "division": 0.12138322271460479
        }, 
        "010_12": {
            "buffer": 0.0007917008968922389, 
            "division": 0.06073287320279896
        }, 
        "007_20": {
            "buffer": 0.021721104476431087, 
            "division": 0.6818595963209951
        }, 
        "007_21": {
            "buffer": 0.014824006917341512, 
            "division": 0.7446134398345685
        }, 
        "009_11": {
            "buffer": 0.030730882434528446, 
            "division": 0.9997464837003899
        }, 
        "009_10": {
            "buffer": 0.0021956564466243263, 
            "division": 0.09564327748380462
        }, 
        "009_13": {
            "buffer": 0.03178692889840236, 
            "division": 1.0
        }, 
        "009_12": {
            "buffer": 0.03134125829231668, 
            "division": 0.6961823549942081
        }, 
        "009_15": {
            "buffer": 0.004405300714864943, 
            "division": 0.09380072621207279
        }, 
        "009_14": {
            "buffer": 0.01960625265552269, 
            "division": 0.9548461740248009
        }, 
        "008_12": {
            "buffer": 0.060091538731747975, 
            "division": 0.8411686190643576
        }, 
        "008_13": {
            "buffer": 0.10512506170770303, 
            "division": 1.0
        }, 
        "008_10": {
            "buffer": 0.042237522004324526, 
            "division": 1.0
        }, 
        "008_11": {
            "buffer": 0.006973908066435368, 
            "division": 1.0
        }, 
        "008_16": {
            "buffer": 0.004956764756399407, 
            "division": 1.0
        }, 
        "008_17": {
            "buffer": 0.0033398435297864334, 
            "division": 1.0
        }, 
        "008_14": {
            "buffer": 0.05154566673693024, 
            "division": 1.0
        }, 
        "008_15": {
            "buffer": 0.04293810072887401, 
            "division": 1.0
        }, 
        "008_1": {
            "buffer": 0.00025024146317230347, 
            "division": 0.006931353753474042
        }, 
        "007_9": {
            "buffer": 0.009985324350970153, 
            "division": 1.0
        }, 
        "007_8": {
            "buffer": 0.009451603382555332, 
            "division": 1.0
        }, 
        "008_4": {
            "buffer": 0.02460261596635286, 
            "division": 0.6990193984762949
        },