{
    "1": {
        "8_10_7": {
            "buffer": 0.03208559061746541, 
            "division": 1.0
        }, 
        "8_10_6": {
            "buffer": 0.03685611323926992, 
            "division": 1.0
        }, 
        "8_10_5": {
            "buffer": 0.03957141753382987, 
            "division": 1.0
        }, 
        "8_10_4": {
            "buffer": 0.042935485667053894, 
            "division": 1.0
        }, 
        "8_10_3": {
            "buffer": 0.046820335305426716, 
            "division": 1.0
        }, 
        "8_10_2": {
            "buffer": 0.07670917320115128, 
            "division": 0.748724180297095
        }, 
        "8_10_1": {
            "buffer": 0.0336654615988686, 
            "division": 0.33760398233339245
        }, 
        "8_10_8": {
            "buffer": 0.1605938593053395, 
            "division": 0.2140814638943068
        }, 
        "8_11_4": {
            "buffer": 0.0014132808169528318, 
            "division": 0.055789884047402066
        }, 
        "8_11_2": {
            "buffer": 0.009269947063955652, 
            "division": 0.15625393694771764
        }, 
        "8_11_3": {
            "buffer": 0.03543136597281022, 
            "division": 0.8222024716772165
        }, 
        "8_11_1": {
            "buffer": 0.05133201304636797, 
            "division": 1.0
        }, 
        "8_7_8": {
            "buffer": 0.001988098786170771, 
            "division": 0.09022485166897774
        }, 
        "8_7_9": {
            "buffer": 0.03195929699021597, 
            "division": 0.957666703235819
        }, 
        "8_7_2": {
            "buffer": 0.0016149681209223965, 
            "division": 0.0375644399098565
        }, 
        "8_8_11": {
            "buffer": 0.02283869254129077, 
            "division": 0.8100713776112979
        }, 
        "8_8_10": {
            "buffer": 0.10695751097206549, 
            "division": 1.0
        }, 
        "8_7_1": {
            "buffer": 0.02894192694145114, 
            "division": 0.5368628074308746
        }, 
        "8_8_9": {
            "buffer": 0.040781736478509883, 
            "division": 0.5704972544080444
        }, 
        "8_7_10": {
            "buffer": 0.011626155613217427, 
            "division": 0.7947012696874216
        }, 
        "8_7_11": {
            "buffer": 0.047627355630919785, 
            "division": 0.9999170705403991
        }, 
        "8_7_12": {
            "buffer": 0.02952184049138699, 
            "division": 1.0
        }, 
        "8_7_13": {
            "buffer": 0.040036150532901965, 
            "division": 1.0
        }, 
        "8_7_14": {
            "buffer": 0.044488922891141605, 
            "division": 0.2791389564313001
        }, 
        "8_8_7": {
            "buffer": 0.024933274657593887, 
            "division": 0.28793739005539515
        }
    }, 
    "2": {
        "8_10_7": {
            "buffer": 0.02000442983963277, 
            "division": 1.0
        }, 
        "8_10_6": {
            "buffer": 0.0229787115420965, 
            "division": 1.0
        }, 
        "8_10_5": {
            "buffer": 0.02450742258803552, 
            "division": 0.9933445007612948
        }, 
        "8_10_4": {
            "buffer": 0.023286022236955244, 
            "division": 0.8698868952408044
        }, 
        "8_10_3": {
            "buffer": 0.02407639624170263, 
            "division": 0.8247851307089547
        }, 
        "8_10_1": {
            "buffer": 0.03131633531256068, 
            "division": 0.5037067631102534
        }, 
        "8_10_8": {
            "buffer": 0.24642024376291133, 
            "division": 0.5268783750366803
        }, 
        "8_11_4": {
            "buffer": 0.015793891315124105, 
            "division": 1.0
        }, 
        "8_11_5": {
            "buffer": 0.006956631755785196, 
            "division": 1.0
        }, 
        "8_11_2": {
            "buffer": 0.03698813425455589, 
            "division": 1.0
        }, 
        "8_11_3": {
            "buffer": 0.026867376274247196, 
            "division": 1.0
        }, 
        "8_11_1": {
            "buffer": 0.02972346790339478, 
            "division": 0.9287419071161297
        }, 
        "8_12_4": {
            "buffer": 0.03912807556890007, 
            "division": 0.48257752630887374
        }, 
        "8_12_7": {
            "buffer": 0.22704557061063127, 
            "division": 0.2846945603302793
        }, 
        "8_7_7": {
            "buffer": 1.1263854810885935e-05, 
            "division": 0.000880142750233925
        }, 
        "8_7_8": {
            "buffer": 0.002423497963384096, 
            "division": 0.17640656195054605
        }, 
        "8_7_9": {
            "buffer": 0.020361766572177576, 
            "division": 0.9786254030093103
        }, 
        "8_7_2": {
            "buffer": 0.0012750401291231554, 
            "division": 0.047568633719776335
        }, 
        "8_8_11": {
            "buffer": 0.0064777680379400895, 
            "division": 0.3685202032457001
        }, 
        "8_8_10": {
            "buffer": 0.06027006883788199, 
            "division": 0.9038040017643355
        }, 
        "8_7_1": {
            "buffer": 0.016663563218809112, 
            "division": 0.4957784084257429
        }, 
        "8_8_9": {
            "buffer": 0.005721014754553633, 
            "division": 0.1283644524754057
        }, 
        "8_7_10": {
            "buffer": 0.007859925840687442, 
            "division": 0.8617277605988757
        }, 
        "8_7_11": {
            "buffer": 0.029696729718733293, 
            "division": 1.0
        }, 
        "8_7_12": {
            "buffer": 0.01840600641851088, 
            "division": 1.0
        }, 
        "8_7_13": {
            "buffer": 0.024961372035596965, 
            "division": 1.0
        }, 
        "8_7_14": {
            "buffer": 0.030260886986176863, 
            "division": 0.3045327982553267
        }, 
        "8_8_7": {
            "buffer": 0.0005183700632942263, 
            "division": 0.009601575810142173
        }
    }, 
    "3": {
        "8_17_5": {
            "buffer": 0.0006924204202774054, 
            "division": 0.15298363770771917
        }, 
        "7_14_8": {
            "buffer": 0.003673365080816339, 
            "division": 0.2693651641292773
        }, 
        "7_14_9": {
            "buffer": 0.012012611036826758, 
            "division": 0.8869289298733747
        }, 
        "7_14_6": {
            "buffer": 0.0025894488242157957, 
            "division": 0.1886076967000927
        }, 
        "7_14_5": {
            "buffer": 0.00033609248894649816, 
            "division": 0.03558405947039587
        }, 
        "8_13_1": {
            "buffer": 0.0540568768165718, 
            "division": 0.18581771229713193
        }, 
        "8_13_3": {
            "buffer": 0.0067515591030887735, 
            "division": 0.2122801235346053
        }, 
        "8_13_4": {
            "buffer": 0.016924162162569346, 
            "division": 0.69818875060984
        }, 
        "8_6_11": {
            "buffer": 0.0018517717492023042, 
            "division": 0.2550761565468367
        }, 
        "8_6_10": {
            "buffer": 0.00019891572148726653, 
            "division": 0.01977294845320485
        }, 
        "8_15_10": {
            "buffer": 0.034123068619836, 
            "division": 1.0
        }, 
        "9_11_11": {
            "buffer": 0.00010349105483847948, 
            "division": 0.007400592440809198
        }, 
        "8_7_10": {
            "buffer": 0.0026884866941564198, 
            "division": 1.0
        }, 
        "8_7_11": {
            "buffer": 0.008753226233478024, 
            "division": 1.0
        }, 
        "8_7_12": {
            "buffer": 0.005425241761029387, 
            "division": 1.0
        }, 
        "8_7_13": {
            "buffer": 0.00735746119505417, 
            "division": 1.0
        },