{
    "1": {
        "008_12": {
            "buffer": 0.2271440912793795, 
            "division": 0.760136806602926
        }, 
        "008_13": {
            "buffer": 0.04086790964451656, 
            "division": 0.09293873166966977
        }, 
        "008_10": {
            "buffer": 0.1766761189115972, 
            "division": 1.0
        }, 
        "008_11": {
            "buffer": 0.02917129017885874, 
            "division": 1.0
        }, 
        "008_15": {
            "buffer": 0.029241276304574595, 
            "division": 0.16280737520854818
        }, 
        "008_3": {
            "buffer": 0.058881677996459846, 
            "division": 0.326233369000669
        }, 
        "008_4": {
            "buffer": 0.004490513770389673, 
            "division": 0.0305017357001034
        }, 
        "008_6": {
            "buffer": 0.10146304738697949, 
            "division": 0.8517129562774544
        }, 
        "008_7": {
            "buffer": 0.08748281613458667, 
            "division": 1.0
        }, 
        "008_8": {
            "buffer": 0.14551228062185814, 
            "division": 0.9626939253758376
        }, 
        "008_9": {
            "buffer": 0.09906912105411121, 
            "division": 0.8993803769561445
        }
    }, 
    "2": {
        "008_12": {
            "buffer": 0.22720554196572637, 
            "division": 0.9893827109055081
        }, 
        "008_13": {
            "buffer": 0.0729810556134193, 
            "division": 0.2159630916950884
        }, 
        "008_10": {
            "buffer": 0.13577592555470766, 
            "division": 1.0
        }, 
        "008_11": {
            "buffer": 0.022418190687340887, 
            "division": 1.0
        }, 
        "008_15": {
            "buffer": 0.023383499481366685, 
            "division": 0.1694112843887256
        }, 
        "008_3": {
            "buffer": 0.030055189254690313, 
            "division": 0.21668195665539453
        }, 
        "008_4": {
            "buffer": 0.0023501094669876373, 
            "division": 0.02077168325622731
        }, 
        "008_6": {
            "buffer": 0.0784989850200005, 
            "division": 0.857441445230856
        }, 
        "008_7": {
            "buffer": 0.06723070669641097, 
            "division": 1.0
        }, 
        "008_8": {
            "buffer": 0.10521418712671286, 
            "division": 0.9057700715319638
        }, 
        "008_9": {
            "buffer": 0.0649755887390328, 
            "division": 0.7675565808214591
        }
    }, 
    "3": {
        "007_19": {
            "buffer": 0.012648310311023245, 
            "division": 0.9991992016322719
        }, 
        "007_18": {
            "buffer": 0.018930176715753505, 
            "division": 0.6865148792145112
        }, 
        "007_13": {
            "buffer": 0.0340793162488939, 
            "division": 1.0
        }, 
        "007_12": {
            "buffer": 0.020172624135481116, 
            "division": 0.7965711191657153
        }, 
        "007_11": {
            "buffer": 0.0021351784502014904, 
            "division": 0.16787683667295433
        }, 
        "007_10": {
            "buffer": 0.0059303574670330405, 
            "division": 0.4583318919738141
        }, 
        "007_17": {
            "buffer": 0.01647529055750819, 
            "division": 1.0
        }, 
        "007_16": {
            "buffer": 0.032879478822858806, 
            "division": 1.0
        }, 
        "007_15": {
            "buffer": 0.06364786039948876, 
            "division": 1.0
        }, 
        "007_14": {
            "buffer": 0.04463013368831416, 
            "division": 1.0
        }, 
        "004_1": {
            "buffer": 0.0005694146365159271, 
            "division": 0.007914700389530098
        }, 
        "008_3": {
            "buffer": 0.01328186182467694, 
            "division": 0.2084420085058223
        }, 
        "010_19": {
            "buffer": 0.006762807567905371, 
            "division": 0.22561560383338397
        }, 
        "007_20": {
            "buffer": 0.0038470803500873264, 
            "division": 0.0817792227315982
        }, 
        "009_11": {
            "buffer": 0.035813765728970534, 
            "division": 0.7889754893959511
        }, 
        "009_13": {
            "buffer": 0.04694073673461075, 
            "division": 1.0
        }, 
        "009_12": {
            "buffer": 0.018838903991227715, 
            "division": 0.28337457702168545
        }, 
        "009_14": {
            "buffer": 0.02027626740136981, 
            "division": 0.6686910282047763
        }, 
        "008_12": {
            "buffer": 0.04207054131613109, 
            "division": 0.39879206328612565
        }, 
        "008_13": {
            "buffer": 0.1343209899603957, 
            "division": 0.8652394032618356
        }, 
        "008_10": {
            "buffer": 0.06237344938431523, 
            "division": 1.0
        }, 
        "008_11": {
            "buffer": 0.010298584792643319, 
            "division": 1.0
        }, 
        "008_16": {
            "buffer": 0.007319807151839574, 
            "division": 1.0
        }, 
        "008_17": {
            "buffer": 0.00493204978585955, 
            "division": 1.0
        }, 
        "008_14": {
            "buffer": 0.07596164948646941, 
            "division": 0.9979318737368144
        }, 
        "008_15": {
            "buffer": 0.06340801556011838, 
            "division": 1.0
        }, 
        "007_9": {
            "buffer": 0.013071712956561336, 
            "division": 0.8864801083584715
        }, 
        "007_8": {
            "buffer": 0.012844831101801527, 
            "division": 0.9202833779280155
        }, 
        "008_4": {
            "buffer": 0.011066900672649593, 
            "division": 0.212927924791881
        }, 
        "008_5": {
            "buffer": 0.015552234207582701, 
            "division": 0.5810818773526525
        }, 
        "008_6": {
            "buffer": 0.04205683240971427, 
            "division": 1.0
        }, 
        "008_7": {
            "buffer": 0.03088479098240945, 
            "division": 1.0
        }, 
        "008_8": {
            "buffer": 0.04741470851038539, 
            "division": 0.8885456749191148
        }, 
        "008_9": {
            "buffer": 0.024531308969674953, 
            "division": 0.6308177550441199
        }, 
        "007_1": {
            "buffer": 0.0007175449218281394, 
            "division": 0.028128940382644588
        }
    }
}