{
    "1": {
        "008_8": {
            "buffer": 0.19551121464945995, 
            "division": 0.19857791970927477
        }, 
        "008_10": {
            "buffer": 0.4693546065624991, 
            "division": 0.4078438644303496
        }, 
        "008_11": {
            "buffer": 0.09732943680599329, 
            "division": 0.512223231780066
        }, 
        "008_7": {
            "buffer": 0.2378047419819737, 
            "division": 0.4173192849736909
        }
    }, 
    "2": {
        "008_12": {
            "buffer": 0.2661736461795313, 
            "division": 0.2193360060891552
        }, 
        "008_8": {
            "buffer": 0.07298722169366992, 
            "division": 0.11890222330367428
        }, 
        "008_10": {
            "buffer": 0.39273057510008125, 
            "division": 0.5473579399347364
        }, 
        "008_11": {
            "buffer": 0.1161884879269203, 
            "division": 0.9807583665710957
        }, 
        "008_7": {
            "buffer": 0.15192006909977535, 
            "division": 0.4276091144902799
        }
    }, 
    "3": {
        "008_17": {
            "buffer": 0.0007004520004087559, 
            "division": 0.041885901971427726
        }, 
        "007_13": {
            "buffer": 0.0005302671718491857, 
            "division": 0.004589029109648614
        }, 
        "008_13": {
            "buffer": 0.07773058167522501, 
            "division": 0.14767305747150172
        }, 
        "008_10": {
            "buffer": 0.08134894684220886, 
            "division": 0.384652993543986
        }, 
        "008_16": {
            "buffer": 0.023222284820726198, 
            "division": 0.9356690239132938
        }, 
        "007_17": {
            "buffer": 0.009416632695302064, 
            "division": 0.16856969152643356
        }, 
        "007_16": {
            "buffer": 2.0295899770183122e-05, 
            "division": 0.00018205404321031907
        }, 
        "007_15": {
            "buffer": 0.2031634649727063, 
            "division": 0.9414098676836473
        }, 
        "007_14": {
            "buffer": 0.06329714630549686, 
            "division": 0.41828557413373635
        }, 
        "009_11": {
            "buffer": 0.00010349105483847948, 
            "division": 0.0006724086327785575
        }, 
        "009_13": {
            "buffer": 0.03379489946373158, 
            "division": 0.21233334484726027
        }, 
        "008_14": {
            "buffer": 0.14904594179464165, 
            "division": 0.5774888546629323
        }, 
        "008_6": {
            "buffer": 0.024689124855373862, 
            "division": 0.17313548187251177
        }, 
        "008_7": {
            "buffer": 0.10287476325058109, 
            "division": 0.9823836508022336
        }, 
        "008_8": {
            "buffer": 0.018092755140404548, 
            "division": 0.0999973110412337
        }, 
        "008_15": {
            "buffer": 0.2120377902484904, 
            "division": 0.9862478102107962
        }
    }
}