Código,empleo,desocup,inact,ocup_viv,0_14,15_64,mas_65,hab,con_satisf,con_basica,con_insuf,serv_satisf,serv_basica,serv_insuf,nbi,hac-149,hac+150
02,0.684220148575,0.0429210672178,0.273962624708,0.760546723849,0.163490073702,0.672480088411,0.164029837887,2890151.0,0.856397703412,0.10996326863,0.0336390279576,0.980572447964,0.00506187453716,0.0143656774989,0.0597982495953,0.844103382736,0.155896617264
